Channel ID,Channel URL,Channel title
UC-VNOmCXKmsss7zpvS3RbOQ,http://www.youtube.com/channel/UC-VNOmCXKmsss7zpvS3RbOQ,Anjali Harikumar
UC-hZDis8Dbfk8FotKkOXyQQ,http://www.youtube.com/channel/UC-hZDis8Dbfk8FotKkOXyQQ,Of Monsters and Men
UC-qTldS8DNIGOfIVc0G8t-w,http://www.youtube.com/channel/UC-qTldS8DNIGOfIVc0G8t-w,Thyview
UC-yTB2bUcin9mmah36sXiYA,http://www.youtube.com/channel/UC-yTB2bUcin9mmah36sXiYA,TEDxYouth
UC02x9yG9ZFF_VZp1VnMoptg,http://www.youtube.com/channel/UC02x9yG9ZFF_VZp1VnMoptg,Productivity Game
UC0rE2qq81of4fojo-KhO5rg,http://www.youtube.com/channel/UC0rE2qq81of4fojo-KhO5rg,Tanmay Bhat
UC0rqucBdTuFTjJiefW5t-IQ,http://www.youtube.com/channel/UC0rqucBdTuFTjJiefW5t-IQ,TensorFlow
UC12LqyqTQYbXatYS9AA7Nuw,http://www.youtube.com/channel/UC12LqyqTQYbXatYS9AA7Nuw,Machine Learning University
UC1_-cyLlwnmTAesbMgruDpQ,http://www.youtube.com/channel/UC1_-cyLlwnmTAesbMgruDpQ,Nazar Battu
UC1b_lVrnkUB1UKmKf3v7Ksw,http://www.youtube.com/channel/UC1b_lVrnkUB1UKmKf3v7Ksw,Nirmaan Goa
UC1fLEeYICmo3O9cUsqIi7HA,http://www.youtube.com/channel/UC1fLEeYICmo3O9cUsqIi7HA,Nick White
UC1iqebKNH36JIdBIjEy8-iQ,http://www.youtube.com/channel/UC1iqebKNH36JIdBIjEy8-iQ,Pixl Networks
UC2mm1L3aunftD6RE2y_VubQ,http://www.youtube.com/channel/UC2mm1L3aunftD6RE2y_VubQ,Danish Sait
UC3F4P3KGQTf35BXKmscDyMg,http://www.youtube.com/channel/UC3F4P3KGQTf35BXKmscDyMg,Film Companion South
UC3RcjbuyF5M1U4R62zjE3hg,http://www.youtube.com/channel/UC3RcjbuyF5M1U4R62zjE3hg,Dan Carlin
UC3XTzVzaHQEd30rQbuvCtTQ,http://www.youtube.com/channel/UC3XTzVzaHQEd30rQbuvCtTQ,LastWeekTonight
UC4JX40jDee_tINbkjycV4Sg,http://www.youtube.com/channel/UC4JX40jDee_tINbkjycV4Sg,Tech With Tim
UC4QZ_LsYcvcq7qOsOhpAX4A,http://www.youtube.com/channel/UC4QZ_LsYcvcq7qOsOhpAX4A,ColdFusion
UC4a-Gbdw7vOaccHmFo40b9g,http://www.youtube.com/channel/UC4a-Gbdw7vOaccHmFo40b9g,Khan Academy
UC5LLGUORSssTJWWIEAsuW3w,http://www.youtube.com/channel/UC5LLGUORSssTJWWIEAsuW3w,Steph France - Curious Marketer
UC5bQ6WD_2NLGbfeJYIwAIuA,http://www.youtube.com/channel/UC5bQ6WD_2NLGbfeJYIwAIuA,INKtalks
UC5fcjujOsqD-126Chn_BAuA,http://www.youtube.com/channel/UC5fcjujOsqD-126Chn_BAuA,Sarthak Goswami
UC5hdZuUUu9bHNs6IKE06KIg,http://www.youtube.com/channel/UC5hdZuUUu9bHNs6IKE06KIg,Funny Student Vines
UC5jkXpfnBhlDjqh0ir5FsIQ,http://www.youtube.com/channel/UC5jkXpfnBhlDjqh0ir5FsIQ,Rudy Mancuso
UC5uq7QZ2MxxXrOF6Wdwtx-A,http://www.youtube.com/channel/UC5uq7QZ2MxxXrOF6Wdwtx-A,Kitaabi Cabins
UC5w5J49tzBvSwmOowwBJ-eA,http://www.youtube.com/channel/UC5w5J49tzBvSwmOowwBJ-eA,Be a Programmer
UC5wZGwqyPawfmzpve8aJ-hw,http://www.youtube.com/channel/UC5wZGwqyPawfmzpve8aJ-hw,Geopold
UC6-ymYjG0SU0jUWnWh9ZzEQ,http://www.youtube.com/channel/UC6-ymYjG0SU0jUWnWh9ZzEQ,Wisecrack
UC6107grRI4m0o2-emgoDnAA,http://www.youtube.com/channel/UC6107grRI4m0o2-emgoDnAA,SmarterEveryDay
UC640y4UvDAlya_WOj5U4pfA,http://www.youtube.com/channel/UC640y4UvDAlya_WOj5U4pfA,nptelhrd
UC68TLK0mAEzUyHx5x5k-S1Q,http://www.youtube.com/channel/UC68TLK0mAEzUyHx5x5k-S1Q,Jeff Nippard
UC6nSFpj9HTCZ5t-N3Rm3-HA,http://www.youtube.com/channel/UC6nSFpj9HTCZ5t-N3Rm3-HA,Vsauce
UC79Gv3mYp6zKiSwYemEik9A,http://www.youtube.com/channel/UC79Gv3mYp6zKiSwYemEik9A,DataCamp
UC7BhHN8NyMMru2RUygnDXSg,http://www.youtube.com/channel/UC7BhHN8NyMMru2RUygnDXSg,Sciencephile the AI
UC7DdEm33SyaTDtWYGO2CwdA,http://www.youtube.com/channel/UC7DdEm33SyaTDtWYGO2CwdA,Physics Girl
UC7F9GThGxXUFWl-ek4CJ3og,http://www.youtube.com/channel/UC7F9GThGxXUFWl-ek4CJ3og,Anumita Nadesan - Topic
UC7IcJI8PUf5Z3zKxnZvTBog,http://www.youtube.com/channel/UC7IcJI8PUf5Z3zKxnZvTBog,The School of Life
UC7LqfmRTtzz3potF56FFwEg,http://www.youtube.com/channel/UC7LqfmRTtzz3potF56FFwEg,RJ Vashishth
UC7eZNThpjgXe5H0QwBN-XsQ,http://www.youtube.com/channel/UC7eZNThpjgXe5H0QwBN-XsQ,MensXP
UC8butISFwT-Wl7EV0hUK0BQ,http://www.youtube.com/channel/UC8butISFwT-Wl7EV0hUK0BQ,freeCodeCamp.org
UC8uj-UFGDzAx3RfPzeRqnyA,http://www.youtube.com/channel/UC8uj-UFGDzAx3RfPzeRqnyA,Finshots TV
UC8wZnXYK_CGKlBcZp-GxYPA,http://www.youtube.com/channel/UC8wZnXYK_CGKlBcZp-GxYPA,NeuralNine
UC8xib1EjaAbsstncxXSUNZg,http://www.youtube.com/channel/UC8xib1EjaAbsstncxXSUNZg,Official World of Dance
UC9-y-6csu5WGm29I7JiwpnA,http://www.youtube.com/channel/UC9-y-6csu5WGm29I7JiwpnA,Computerphile
UC966ccV08PVAmZRhcC0SU8Q,http://www.youtube.com/channel/UC966ccV08PVAmZRhcC0SU8Q,bionerd23
UC99IVRmbb0vJZ1Vge2HtMHg,http://www.youtube.com/channel/UC99IVRmbb0vJZ1Vge2HtMHg,Kalamkaar
UC9o1F_8M5B1hZ00posMaY0g,http://www.youtube.com/channel/UC9o1F_8M5B1hZ00posMaY0g,Trading with Groww
UC9vycSfjzLCR_w1C59VQo5A,http://www.youtube.com/channel/UC9vycSfjzLCR_w1C59VQo5A,Physics
UCA295QVkf9O1RQ8_-s3FVXg,http://www.youtube.com/channel/UCA295QVkf9O1RQ8_-s3FVXg,Aevy TV
UCAezwIIm1SfsqdmbQI-65pA,http://www.youtube.com/channel/UCAezwIIm1SfsqdmbQI-65pA,Data Council
UCAhDB7L1iNrq11nZe-mwQjw,http://www.youtube.com/channel/UCAhDB7L1iNrq11nZe-mwQjw,WAVES BITS Goa
UCAlwrsgeJavG1vw9qSFOUmA,http://www.youtube.com/channel/UCAlwrsgeJavG1vw9qSFOUmA,AIM
UCAq9f7jFEA7Mtl3qOZy2h1A,http://www.youtube.com/channel/UCAq9f7jFEA7Mtl3qOZy2h1A,Data with Zach
UCAuUUnT6oDeKwE6v1NGQxug,http://www.youtube.com/channel/UCAuUUnT6oDeKwE6v1NGQxug,TED
UCB7P9Hr5BYB5Mkxau6t3Sgw,http://www.youtube.com/channel/UCB7P9Hr5BYB5Mkxau6t3Sgw,The Lumineers
UCBNG0osIBAprVcZZ3ic84vw,http://www.youtube.com/channel/UCBNG0osIBAprVcZZ3ic84vw,Jim Browning
UCBPRJjIWfyNG4X-CRbnv78A,http://www.youtube.com/channel/UCBPRJjIWfyNG4X-CRbnv78A,Abhishek Thakur
UCBVjMGOIkavEAhyqpxJ73Dw,http://www.youtube.com/channel/UCBVjMGOIkavEAhyqpxJ73Dw,Maroon 5
UCBa5G_ESCn8Yd4vw5U-gIcg,http://www.youtube.com/channel/UCBa5G_ESCn8Yd4vw5U-gIcg,Stanford Online
UCBqvATpjSubtNxpqUDj4_cA,http://www.youtube.com/channel/UCBqvATpjSubtNxpqUDj4_cA,Anshuman Sharma
UCBzj4s6y8tUwfj01nF8Mfeg,http://www.youtube.com/channel/UCBzj4s6y8tUwfj01nF8Mfeg,Placement Grid
UCC552Sd-3nyi_tk2BudLUzA,http://www.youtube.com/channel/UCC552Sd-3nyi_tk2BudLUzA,AsapSCIENCE
UCCKwT30KrDn0txYHSNIqeBw,http://www.youtube.com/channel/UCCKwT30KrDn0txYHSNIqeBw,Expert Motivation
UCCZ0qWNb_WRsjj6mTgSBw1w,http://www.youtube.com/channel/UCCZ0qWNb_WRsjj6mTgSBw1w,Synchronoise BITS Goa Acapella
UCCezIgC97PvUuR4_gbFUs5g,http://www.youtube.com/channel/UCCezIgC97PvUuR4_gbFUs5g,Corey Schafer
UCChmJrVa8kDg05JfCmxpLRw,http://www.youtube.com/channel/UCChmJrVa8kDg05JfCmxpLRw,Darshil Parmar
UCCusbDhshjg9nNFeys9_QAQ,http://www.youtube.com/channel/UCCusbDhshjg9nNFeys9_QAQ,Vedant Sharma
UCDLXKjBJVkd9FUgihrslmcg,http://www.youtube.com/channel/UCDLXKjBJVkd9FUgihrslmcg,Stereo India
UCDetdM5XDZD1xrQHDPgEg5w,http://www.youtube.com/channel/UCDetdM5XDZD1xrQHDPgEg5w,Dictionary of Obscure Sorrows
UCDwLb8FClxNiMa7w6dCO7PQ,http://www.youtube.com/channel/UCDwLb8FClxNiMa7w6dCO7PQ,Google Small Business
UCE5wDMNEZElnuRDk6TDPOYg,http://www.youtube.com/channel/UCE5wDMNEZElnuRDk6TDPOYg,POWER OF STOCKS
UCEBb1b_L6zDS3xTUrIALZOw,http://www.youtube.com/channel/UCEBb1b_L6zDS3xTUrIALZOw,MIT OpenCourseWare
UCEaLb455dXAYSj5mYioW3pw,http://www.youtube.com/channel/UCEaLb455dXAYSj5mYioW3pw,Vidhu Vinod Chopra Films
UCFHtCB_FWXQ8GpjgfYcD8-g,http://www.youtube.com/channel/UCFHtCB_FWXQ8GpjgfYcD8-g,Passenger
UCFe-pfe0a9bDvWy74Jd7vFg,http://www.youtube.com/channel/UCFe-pfe0a9bDvWy74Jd7vFg,Massachusetts Institute of Technology (MIT)
UCFk__1iexL3T5gvGcMpeHNA,http://www.youtube.com/channel/UCFk__1iexL3T5gvGcMpeHNA,Looking Glass Universe
UCFqaprvZ2K5JOULCvr18NTQ,http://www.youtube.com/channel/UCFqaprvZ2K5JOULCvr18NTQ,How to Adult
UCG-KntY7aVnIGXYEBQvmBAQ,http://www.youtube.com/channel/UCG-KntY7aVnIGXYEBQvmBAQ,Thomas Frank
UCGLlbmSTaLNUPhDwsMe-SgQ,http://www.youtube.com/channel/UCGLlbmSTaLNUPhDwsMe-SgQ,Automobile Engineering
UCGwuxdEeCf0TIA2RbPOj-8g,http://www.youtube.com/channel/UCGwuxdEeCf0TIA2RbPOj-8g,Stanford Graduate School of Business
UCH5_L3ytGbBziX0CLuYdQ1Q,http://www.youtube.com/channel/UCH5_L3ytGbBziX0CLuYdQ1Q,CNBC Make It
UCHCph-_jLba_9atyCZJPLQQ,http://www.youtube.com/channel/UCHCph-_jLba_9atyCZJPLQQ,How It Should Have Ended
UCHJuQZuzapBh-CuhRYxIZrg,http://www.youtube.com/channel/UCHJuQZuzapBh-CuhRYxIZrg,Insider
UCHnyfMqiRRG1u-2MsSQLbXA,http://www.youtube.com/channel/UCHnyfMqiRRG1u-2MsSQLbXA,Veritasium
UCHz5JQAUSkjxrosDIWCtEdw,http://www.youtube.com/channel/UCHz5JQAUSkjxrosDIWCtEdw,thechesswebsite
UCIMP9AS5MlyBae2C82wtV4A,http://www.youtube.com/channel/UCIMP9AS5MlyBae2C82wtV4A,Sing2Guitar | Acoustic Karaoke
UCINb0wqPz-A0dV9nARjJlOQ,http://www.youtube.com/channel/UCINb0wqPz-A0dV9nARjJlOQ,The Dodo
UCIVl4K2afJgLJv0b2ToTs_g,http://www.youtube.com/channel/UCIVl4K2afJgLJv0b2ToTs_g,GrowthX
UCIgJR61X-8MTcHVEQNDrbvQ,http://www.youtube.com/channel/UCIgJR61X-8MTcHVEQNDrbvQ,"Mechanical Engineering Association (MEA) - BITS Pilani, Dubai Campus"
UCIhJnsJ0IHlVNnYfp-gw_5Q,http://www.youtube.com/channel/UCIhJnsJ0IHlVNnYfp-gw_5Q,Cal Newport
UCImfGb6xwG2oyOFMX72AkQA,http://www.youtube.com/channel/UCImfGb6xwG2oyOFMX72AkQA,Travel Thingo
UCJ0-OtVpF0wOKEqT2Z1HEtA,http://www.youtube.com/channel/UCJ0-OtVpF0wOKEqT2Z1HEtA,ElectroBOOM
UCJ8b8GmDjYISfm6Qpa2oBHA,http://www.youtube.com/channel/UCJ8b8GmDjYISfm6Qpa2oBHA,PUBG Mobile India TV
UCJbPGzawDH1njbqV-D5HqKw,http://www.youtube.com/channel/UCJbPGzawDH1njbqV-D5HqKw,thenewboston
UCJc_59YAcXiiKFXkc-UnI3Q,http://www.youtube.com/channel/UCJc_59YAcXiiKFXkc-UnI3Q,This Got Me Thinking
UCLGf9pax6LceNKBsAvRZjWg,http://www.youtube.com/channel/UCLGf9pax6LceNKBsAvRZjWg,WILP Studio
UCLRojYGF_PtFFGS3d-Z-37A,http://www.youtube.com/channel/UCLRojYGF_PtFFGS3d-Z-37A,The Department of Photography
UCM0yJPZK6c-K10WD1pi1lmA,http://www.youtube.com/channel/UCM0yJPZK6c-K10WD1pi1lmA,Taba Chake
UCM1VesJtJ9vTXcMLLr_FfdQ,http://www.youtube.com/channel/UCM1VesJtJ9vTXcMLLr_FfdQ,Coke Studio Pakistan
UCMNDjYpTBPSwWwUisvEwvLg,http://www.youtube.com/channel/UCMNDjYpTBPSwWwUisvEwvLg,Archit Tak
UCNJcSUSzUeFm8W9P7UUlSeQ,http://www.youtube.com/channel/UCNJcSUSzUeFm8W9P7UUlSeQ,The Viral Fever
UCNQ6FEtztATuaVhZKCY28Yw,http://www.youtube.com/channel/UCNQ6FEtztATuaVhZKCY28Yw,Chai aur Code
UCNU_lfiiWBdtULKOw6X0Dig,http://www.youtube.com/channel/UCNU_lfiiWBdtULKOw6X0Dig,Krish Naik
UCNb9vykjjBoUh2EXfBQYR6g,http://www.youtube.com/channel/UCNb9vykjjBoUh2EXfBQYR6g,PhysicsIsFun
UCONax_0CMWVL6b7tHulEQhA,http://www.youtube.com/channel/UCONax_0CMWVL6b7tHulEQhA,Ryan Fernando
UCOW-P7JnJzDEq23gGKyyorg,http://www.youtube.com/channel/UCOW-P7JnJzDEq23gGKyyorg,H.D.Goswami
UCOf7UPMHBjAavgD0Qw5q5ww,http://www.youtube.com/channel/UCOf7UPMHBjAavgD0Qw5q5ww,HackerRank
UCOtQWL2z-tFbI-mgy_Rpdgg,http://www.youtube.com/channel/UCOtQWL2z-tFbI-mgy_Rpdgg,UNFILTERED by Samdish
UCP4k407eomZThGHo_9sgMkg,http://www.youtube.com/channel/UCP4k407eomZThGHo_9sgMkg,Dr Pal
UCPZUQqtVDmcjm4NY5FkzqLA,http://www.youtube.com/channel/UCPZUQqtVDmcjm4NY5FkzqLA,Rousseau
UCPmfPl-BsCd3wmE8i45LAoA,http://www.youtube.com/channel/UCPmfPl-BsCd3wmE8i45LAoA,Simon Sinek
UCPpRFAQ80ycUmzSIR-5ZPSQ,http://www.youtube.com/channel/UCPpRFAQ80ycUmzSIR-5ZPSQ,Shudh Desi Gaane
UCQSMCVUX1HgrwxJhO_7VrJQ,http://www.youtube.com/channel/UCQSMCVUX1HgrwxJhO_7VrJQ,DataInterview
UCQUZV73fh96v6itGV1tZHUQ,http://www.youtube.com/channel/UCQUZV73fh96v6itGV1tZHUQ,ManiaKi Duniya
UCQXwgooTlP6tk2a-u6vgyUA,http://www.youtube.com/channel/UCQXwgooTlP6tk2a-u6vgyUA,Zerodha Varsity
UCR1I8lG-fhpVuS7s20iTSgA,http://www.youtube.com/channel/UCR1I8lG-fhpVuS7s20iTSgA,301 Diaries
UCR1IuLEqb6UEA_zQ81kwXfg,http://www.youtube.com/channel/UCR1IuLEqb6UEA_zQ81kwXfg,Real Engineering
UCRPMAqdtSgd0Ipeef7iFsKw,http://www.youtube.com/channel/UCRPMAqdtSgd0Ipeef7iFsKw,Gaurav Sen
UCRRr_xrOm66qaigIbwFLvbQ,http://www.youtube.com/channel/UCRRr_xrOm66qaigIbwFLvbQ,Simon Clark
UCRd9JHiQvqwT8O4d0QGI9jQ,http://www.youtube.com/channel/UCRd9JHiQvqwT8O4d0QGI9jQ,Scam Nation
UCRnCESkQPseZiFVxdFQARjg,http://www.youtube.com/channel/UCRnCESkQPseZiFVxdFQARjg,3b1b shorts
UCRvWt-hqdAQF1muHky56jxw,http://www.youtube.com/channel/UCRvWt-hqdAQF1muHky56jxw,JalRaj
UCRzYN32xtBf3Yxsx5BvJWJw,http://www.youtube.com/channel/UCRzYN32xtBf3Yxsx5BvJWJw,warikoo
UCS1ULOD8wyH7aAy1clR4HhQ,http://www.youtube.com/channel/UCS1ULOD8wyH7aAy1clR4HhQ,JO
UCSNeZleDn9c74yQc-EKnVTA,http://www.youtube.com/channel/UCSNeZleDn9c74yQc-EKnVTA,Kaggle
UCSUW6PdvIV8FCtOQ_Y1HUIw,http://www.youtube.com/channel/UCSUW6PdvIV8FCtOQ_Y1HUIw,phanumantu
UCSaf-7p3J_N-02p7jHzm5tA,http://www.youtube.com/channel/UCSaf-7p3J_N-02p7jHzm5tA,The Quint
UCSju5G2aFaWMqn-_0YBtq5A,http://www.youtube.com/channel/UCSju5G2aFaWMqn-_0YBtq5A,Stand-up Maths
UCSq9WW2a5DBnNnaRZTmJW8w,http://www.youtube.com/channel/UCSq9WW2a5DBnNnaRZTmJW8w,SOUL PSYCHOLOGY
UCSqm0VJrTqxNDICzLKUdXGA,http://www.youtube.com/channel/UCSqm0VJrTqxNDICzLKUdXGA,IronWood Studios
UCSqy5lR4NO7eM9IQgNACTdA,http://www.youtube.com/channel/UCSqy5lR4NO7eM9IQgNACTdA,Khushaal Pawaar
UCT4iTe4eB9aRn2p3jRuGlDA,http://www.youtube.com/channel/UCT4iTe4eB9aRn2p3jRuGlDA,Josh Otusanya
UCT9zcQNlyht7fRlcjmflRSA,http://www.youtube.com/channel/UCT9zcQNlyht7fRlcjmflRSA,ImagineDragons
UCTzjnbxgPIHYD0_qDBvNOSQ,http://www.youtube.com/channel/UCTzjnbxgPIHYD0_qDBvNOSQ,The Local Train
UCUHW94eEFW7hkUMVaZz4eDg,http://www.youtube.com/channel/UCUHW94eEFW7hkUMVaZz4eDg,minutephysics
UCUMccND2H_CVS0dMZKCPCXA,http://www.youtube.com/channel/UCUMccND2H_CVS0dMZKCPCXA,FinnovationZ by Prasad
UCUcg6az6etU_gRtZVAhBXaw,http://www.youtube.com/channel/UCUcg6az6etU_gRtZVAhBXaw,Google Workspace Developers
UCUtC6skAy8znroMyzJDIdEw,http://www.youtube.com/channel/UCUtC6skAy8znroMyzJDIdEw,Grow Kwik
UCUxc0iEpV8wZV4WLOui0RwQ,http://www.youtube.com/channel/UCUxc0iEpV8wZV4WLOui0RwQ,Gabriel Iglesias
UCVJ5hHQMXBiRwNv394EOj_w,http://www.youtube.com/channel/UCVJ5hHQMXBiRwNv394EOj_w,Art with Flo
UCVOTBwF0vnSxMRIbfSE_K_g,http://www.youtube.com/channel/UCVOTBwF0vnSxMRIbfSE_K_g,Labour Law Advisor
UCVP20iFJqfqPA84fs68zv1A,http://www.youtube.com/channel/UCVP20iFJqfqPA84fs68zv1A,ENGILIPISU
UCVXMaD9Gez-O1XKM8tuuzkA,http://www.youtube.com/channel/UCVXMaD9Gez-O1XKM8tuuzkA,MIT Mechanical Engineering
UCVh2-VHDC-xz7A5TageErog,http://www.youtube.com/channel/UCVh2-VHDC-xz7A5TageErog,Cosmos A Spacetime Odyssey
UCW3dmQDxU4YpDuMjlBTlchQ,http://www.youtube.com/channel/UCW3dmQDxU4YpDuMjlBTlchQ,Expert Fx
UCWOVnbYsZuGCf11Xc7X45nw,http://www.youtube.com/channel/UCWOVnbYsZuGCf11Xc7X45nw,Collegepedia.in
UCWvq4kcdNI1r1jZKFw9TiUA,http://www.youtube.com/channel/UCWvq4kcdNI1r1jZKFw9TiUA,ScienceClic English
UCX2xI6iQR70IWlpi23V0gPw,http://www.youtube.com/channel/UCX2xI6iQR70IWlpi23V0gPw,Vir Das COMEDY
UCX6OQ3DkcsbYNE6H8uQQuVA,http://www.youtube.com/channel/UCX6OQ3DkcsbYNE6H8uQQuVA,MrBeast
UCX6b17PVsYBQ0ip5gyeme-Q,http://www.youtube.com/channel/UCX6b17PVsYBQ0ip5gyeme-Q,CrashCourse
UCXXtcdTIu-usD7rrq1w0TAw,http://www.youtube.com/channel/UCXXtcdTIu-usD7rrq1w0TAw,Hollow Coves
UCXjmz8dFzRJZrZY8eFiXNUQ,http://www.youtube.com/channel/UCXjmz8dFzRJZrZY8eFiXNUQ,Nerdstalgic
UCXl4i9dYBrFOabk0xGmbkRA,http://www.youtube.com/channel/UCXl4i9dYBrFOabk0xGmbkRA,Dwarkesh Patel
UCXuO_AmrcE16fDoNiq9JZZg,http://www.youtube.com/channel/UCXuO_AmrcE16fDoNiq9JZZg,Coke Studio India 
UCY1kMZp36IQSyNx_9h4mpCg,http://www.youtube.com/channel/UCY1kMZp36IQSyNx_9h4mpCg,Mark Rober
UCYLS9TSah19IsB8yyUpiDzg,http://www.youtube.com/channel/UCYLS9TSah19IsB8yyUpiDzg,Jordindian
UCYLUA7FaYqZruSV32Cj19Hw,http://www.youtube.com/channel/UCYLUA7FaYqZruSV32Cj19Hw,Helly
UCYO_jab_esuFRV4b17AJtAw,http://www.youtube.com/channel/UCYO_jab_esuFRV4b17AJtAw,3Blue1Brown
UCZU9T1ceaOgwfLRq7OKFU4Q,http://www.youtube.com/channel/UCZU9T1ceaOgwfLRq7OKFU4Q,Linkin Park
UCZYTClx2T1of7BRZ86-8fow,http://www.youtube.com/channel/UCZYTClx2T1of7BRZ86-8fow,SciShow
UCZxgZTreiWF-12p-GS5R7nQ,http://www.youtube.com/channel/UCZxgZTreiWF-12p-GS5R7nQ,Untriggered with AminJaz
UC_-hYjoNe4PJNFa9iZ4lraA,http://www.youtube.com/channel/UC_-hYjoNe4PJNFa9iZ4lraA,Good Work
UC_b1GUJv_2QiMP4BxC9-Dxg,http://www.youtube.com/channel/UC_b1GUJv_2QiMP4BxC9-Dxg,Arpit Bhayani
UC_lePY0Lm0E2-_IkYUWpI5A,http://www.youtube.com/channel/UC_lePY0Lm0E2-_IkYUWpI5A,Dataquest
UC_m9amgaxYJaNcOJfbQf-EA,http://www.youtube.com/channel/UC_m9amgaxYJaNcOJfbQf-EA,Satish Ray
UC_mGuY4g0mggeUGM6V1osdA,http://www.youtube.com/channel/UC_mGuY4g0mggeUGM6V1osdA,The Geek Narrator
UCaO6VoaYJv4kS-TQO_M-N_g,http://www.youtube.com/channel/UCaO6VoaYJv4kS-TQO_M-N_g,Clément Mihailescu
UCaSM4GqhbaVmRT7fmmFmR1w,http://www.youtube.com/channel/UCaSM4GqhbaVmRT7fmmFmR1w,Brett In Tech
UCaUr7y4F9lWGnZ0cbUZyzYA,http://www.youtube.com/channel/UCaUr7y4F9lWGnZ0cbUZyzYA,Aashish Solanki
UCaiL2GDNpLYH6Wokkk1VNcg,http://www.youtube.com/channel/UCaiL2GDNpLYH6Wokkk1VNcg,mCoding
UCajXeitgFL-rb5-gXI-aG8Q,http://www.youtube.com/channel/UCajXeitgFL-rb5-gXI-aG8Q,Great Big Story
UCajiSQVaNO11Bc9Kr6N8fYA,http://www.youtube.com/channel/UCajiSQVaNO11Bc9Kr6N8fYA,Varinder Singh
UCayjG0TS9IvWgWOiJSjukTw,http://www.youtube.com/channel/UCayjG0TS9IvWgWOiJSjukTw,Rishi Draws
UCb2vBuzrMEN382du65z_-NQ,http://www.youtube.com/channel/UCb2vBuzrMEN382du65z_-NQ,Ansys-Tutor
UCbOX--VOebPe-MMRkatFRxw,http://www.youtube.com/channel/UCbOX--VOebPe-MMRkatFRxw,Cassie Kozyrkov
UCbPI6xmFQaMH0jlm9aKFOwA,http://www.youtube.com/channel/UCbPI6xmFQaMH0jlm9aKFOwA,When Chai Met Toast
UCbWW7i7KnwQfqp6HFg1diFw,http://www.youtube.com/channel/UCbWW7i7KnwQfqp6HFg1diFw,Mutual Funds at Groww
UCbpLD76CnWWZ-JqZ9LjR2Mw,http://www.youtube.com/channel/UCbpLD76CnWWZ-JqZ9LjR2Mw,Tushar Lall
UCbuIniowlx23Mc6MmjQHCqA,http://www.youtube.com/channel/UCbuIniowlx23Mc6MmjQHCqA,ProtonsTalk
UCc4IYtPKkJLSAHHuJx1GiGQ,http://www.youtube.com/channel/UCc4IYtPKkJLSAHHuJx1GiGQ,Goalcast
UCcPPUszZ4-7yzZNgAAYwJjg,http://www.youtube.com/channel/UCcPPUszZ4-7yzZNgAAYwJjg,Reflections of Life
UCcabW7890RKJzL968QWEykA,http://www.youtube.com/channel/UCcabW7890RKJzL968QWEykA,CS50
UCcbhpngcGDw-LemvWaEaT0Q,http://www.youtube.com/channel/UCcbhpngcGDw-LemvWaEaT0Q,Chalchitra Talks
UCcf1t1tH-Pp5bmu4hbAytwA,http://www.youtube.com/channel/UCcf1t1tH-Pp5bmu4hbAytwA,Escaping Ordinary (B.C Marx) 
UCctXZhXmG-kf3tlIXgVZUlw,http://www.youtube.com/channel/UCctXZhXmG-kf3tlIXgVZUlw,GaryVee
UCd6Za0CXVldhY8fK8eYoIuw,http://www.youtube.com/channel/UCd6Za0CXVldhY8fK8eYoIuw,Freedom in Thought
UCdUEJABvX8XKu3HyDSczqhA,http://www.youtube.com/channel/UCdUEJABvX8XKu3HyDSczqhA,Shashank Udupa
UCdv4_YNXrIQtGHSVXnY-1mg,http://www.youtube.com/channel/UCdv4_YNXrIQtGHSVXnY-1mg,Pradeep Poonia 3.0
UCe3qdG0A_gr-sEdat5y2twQ,http://www.youtube.com/channel/UCe3qdG0A_gr-sEdat5y2twQ,CA Rachana Phadke Ranade
UCeEP6GESh2t4-e2132uj3Sg,http://www.youtube.com/channel/UCeEP6GESh2t4-e2132uj3Sg,DAY TRADER తెలుగు
UCecgDbZRJ8GdmVgNCjuJu5g,http://www.youtube.com/channel/UCecgDbZRJ8GdmVgNCjuJu5g,Dean Lewis
UCepTclaL7uEr1jkcrSQmKAQ,http://www.youtube.com/channel/UCepTclaL7uEr1jkcrSQmKAQ,Zach Pogrob
UCf52XN2UWpZu_mo5vyZ6RuA,http://www.youtube.com/channel/UCf52XN2UWpZu_mo5vyZ6RuA,VIVA
UCf5H6aT6NzCQES8OJIhciTw,http://www.youtube.com/channel/UCf5H6aT6NzCQES8OJIhciTw,freefincal - Prudent DIY Investing (freefincal)
UCfdNM3NAhaBOXCafH7krzrA,http://www.youtube.com/channel/UCfdNM3NAhaBOXCafH7krzrA,The Infographics Show
UCfzlCWGWYyIQ0aLC5w48gBQ,http://www.youtube.com/channel/UCfzlCWGWYyIQ0aLC5w48gBQ,sentdex
UCgbzclo4Mfy_D68w_Bm_xHg,http://www.youtube.com/channel/UCgbzclo4Mfy_D68w_Bm_xHg,Tried&Refused Productions.
UCggPd3Vf9ooG2r4I_ZNWBzA,http://www.youtube.com/channel/UCggPd3Vf9ooG2r4I_ZNWBzA,Wint Wealth
UCgzAaqAQjS-FVveLQ0WZBCw,http://www.youtube.com/channel/UCgzAaqAQjS-FVveLQ0WZBCw,Advanced Web Dev
UCh3tzzP6n5b1EWcMUpiEhXg,http://www.youtube.com/channel/UCh3tzzP6n5b1EWcMUpiEhXg,KYLE.ENGINEERS
UCh4HyUdUyM7Na3z_Ls-LmnA,http://www.youtube.com/channel/UCh4HyUdUyM7Na3z_Ls-LmnA,Kabir Cafe Official
UChAlpEbfW1y9auiBC08ZwGQ,http://www.youtube.com/channel/UChAlpEbfW1y9auiBC08ZwGQ,BeingIndian
UChBT5TlUeG68PKvJSg6MkqQ,http://www.youtube.com/channel/UChBT5TlUeG68PKvJSg6MkqQ,Money Purse { మనీ పర్స్ }
UChDX4wagpTQS0aTm4eyhJaw,http://www.youtube.com/channel/UChDX4wagpTQS0aTm4eyhJaw,KRSNA
UChz9LmLfA1Q2SCx32fYw-Og,http://www.youtube.com/channel/UChz9LmLfA1Q2SCx32fYw-Og,Jason Goodison
UCiEHVhv0SBMpP75JbzJShqw,http://www.youtube.com/channel/UCiEHVhv0SBMpP75JbzJShqw,Lectures by Walter Lewin. They will make you ♥ Physics.
UCiHi6xXLzi9FMr9B0zgoHqA,http://www.youtube.com/channel/UCiHi6xXLzi9FMr9B0zgoHqA,jbstatistics
UCiY8ERfD4qvD_-d-VUWh_GA,http://www.youtube.com/channel/UCiY8ERfD4qvD_-d-VUWh_GA,Aerospace Engineering
UCiZ3Yr1y80FbwtSmOZfe--g,http://www.youtube.com/channel/UCiZ3Yr1y80FbwtSmOZfe--g,KAGR 
UCisy6taOAeLfyaCqcMQDfig,http://www.youtube.com/channel/UCisy6taOAeLfyaCqcMQDfig,Max Klymenko
UCj22tfcQrWG7EMEKS0qLeEg,http://www.youtube.com/channel/UCj22tfcQrWG7EMEKS0qLeEg,CarryMinati
UCj80PELUvdsUGBI9hJyFiQg,http://www.youtube.com/channel/UCj80PELUvdsUGBI9hJyFiQg,Aditya Bansal
UCjTp-nBKswYLumqmVeBPwYw,http://www.youtube.com/channel/UCjTp-nBKswYLumqmVeBPwYw,The Jeff Nippard Podcast
UCk8DWsrBSFziNnf2oG9QG3g,http://www.youtube.com/channel/UCk8DWsrBSFziNnf2oG9QG3g,Mechanics of solids
UCk8cfDW244sbkf7AVhB2W1A,http://www.youtube.com/channel/UCk8cfDW244sbkf7AVhB2W1A,Chris Hallbeck
UCkBt3AmmsTAhzPMGoKVvqQw,http://www.youtube.com/channel/UCkBt3AmmsTAhzPMGoKVvqQw,Telugu Guitar Songs
UCkUaT0T03TJvafYkfATM2Ag,http://www.youtube.com/channel/UCkUaT0T03TJvafYkfATM2Ag,Daily Stoic
UCkw4JCwteGrDHIsyIIKo4tQ,http://www.youtube.com/channel/UCkw4JCwteGrDHIsyIIKo4tQ,edureka!
UClEEsT7DkdVO_fkrBw0OTrA,http://www.youtube.com/channel/UClEEsT7DkdVO_fkrBw0OTrA,mycodeschool
UClM2LuQ1q5WEc23462tQzBg,http://www.youtube.com/channel/UClM2LuQ1q5WEc23462tQzBg,Proko
UClNaci0qQAFxNOPaGfX7-wA,http://www.youtube.com/channel/UClNaci0qQAFxNOPaGfX7-wA,evelog
UClgRkhTL3_hImCAmdLfDE4g,http://www.youtube.com/channel/UClgRkhTL3_hImCAmdLfDE4g,YouTube Movies
UClqhvGmHcvWL9w3R48t9QXQ,http://www.youtube.com/channel/UClqhvGmHcvWL9w3R48t9QXQ,Engineering Explained
UClx75U-9bntP-qaQkcETNRg,http://www.youtube.com/channel/UClx75U-9bntP-qaQkcETNRg,Trustified
UCm22FAXZMw1BaWeFszZxUKw,http://www.youtube.com/channel/UCm22FAXZMw1BaWeFszZxUKw,Kitboga
UCmEzz-dPBVrsy4ZluSsYHDg,http://www.youtube.com/channel/UCmEzz-dPBVrsy4ZluSsYHDg,Hyperplexed
UCmFcc_FIZkXO1ip-Qsg-KrA,http://www.youtube.com/channel/UCmFcc_FIZkXO1ip-Qsg-KrA,Chai Bisket Podcasts
UCmGSJVG3mCRXVOP4yZrU1Dw,http://www.youtube.com/channel/UCmGSJVG3mCRXVOP4yZrU1Dw,Johnny Harris
UCmHzqwSP0uEHwzCeDzomNsg,http://www.youtube.com/channel/UCmHzqwSP0uEHwzCeDzomNsg,Bite Size Psych
UCmLGJ3VYBcfRaWbP6JLJcpA,http://www.youtube.com/channel/UCmLGJ3VYBcfRaWbP6JLJcpA,Seattle Data Guy
UCmTM_hPCeckqN3cPWtYZZcg,http://www.youtube.com/channel/UCmTM_hPCeckqN3cPWtYZZcg,The Deshbhakt
UCmc5pXcd1ig8aV6XBrL3krg,http://www.youtube.com/channel/UCmc5pXcd1ig8aV6XBrL3krg,Anuj Pachhel
UCnC8SAZzQiBGYVSKZ_S3y4Q,http://www.youtube.com/channel/UCnC8SAZzQiBGYVSKZ_S3y4Q,Nikhil Kamath
UCnE72uToF4btYedtOFFiyCg,http://www.youtube.com/channel/UCnE72uToF4btYedtOFFiyCg,Rishabh Shukla
UCnTwsAoqgyDVe5hxOmbMOiw,http://www.youtube.com/channel/UCnTwsAoqgyDVe5hxOmbMOiw,The Code Skool
UCnVzApLJE2ljPZSeQylSEyg,http://www.youtube.com/channel/UCnVzApLJE2ljPZSeQylSEyg,Data School
UCneQdPbDLwZ__ZXP0YVwiag,http://www.youtube.com/channel/UCneQdPbDLwZ__ZXP0YVwiag,Honestly by Tanmay Bhat
UCnmc_PeDpqp5ww2PcB4dU9w,http://www.youtube.com/channel/UCnmc_PeDpqp5ww2PcB4dU9w,Terribly Tiny Tales
UCnpekFV93kB1O0rVqEKSumg,http://www.youtube.com/channel/UCnpekFV93kB1O0rVqEKSumg,Backstage with Millionaires
UCnz-ZXXER4jOvuED5trXfEA,http://www.youtube.com/channel/UCnz-ZXXER4jOvuED5trXfEA,techTFQ
UCo-6NKmqS6GP3KYurECYZ_Q,http://www.youtube.com/channel/UCo-6NKmqS6GP3KYurECYZ_Q,BAJA SAEINDIA
UCoRR6OLuIZ2-5VxtnQIaN2w,http://www.youtube.com/channel/UCoRR6OLuIZ2-5VxtnQIaN2w,NFrealmusic
UCoSw1rKMkCbwzKpkC0OjRKA,http://www.youtube.com/channel/UCoSw1rKMkCbwzKpkC0OjRKA,Erika Kullberg
UCoZnY7ScIBmHFux7H28aVjw,http://www.youtube.com/channel/UCoZnY7ScIBmHFux7H28aVjw,Sai Kiran Yedida
UCoq8fY_0hiN6_zhsC6aN3eA,http://www.youtube.com/channel/UCoq8fY_0hiN6_zhsC6aN3eA,KAMIKAZE STUTTERS
UCoxcjq-8xIDTYp3uz647V5A,http://www.youtube.com/channel/UCoxcjq-8xIDTYp3uz647V5A,Numberphile
UCp8v5KixDUzI8z8crVCXj-g,http://www.youtube.com/channel/UCp8v5KixDUzI8z8crVCXj-g,jonitamusic
UCpDl4WPpgvvOeZFpw4ewycA,http://www.youtube.com/channel/UCpDl4WPpgvvOeZFpw4ewycA,Engineer775
UCpVrG9Y5HpjOGYrVOcZTs2A,http://www.youtube.com/channel/UCpVrG9Y5HpjOGYrVOcZTs2A,Srushti Tawade
UCpd0xtuhhWwUug1bk84usiA,http://www.youtube.com/channel/UCpd0xtuhhWwUug1bk84usiA,Grow with Google
UCpiKvSAqWkt_sFhCTDYErgQ,http://www.youtube.com/channel/UCpiKvSAqWkt_sFhCTDYErgQ,Kashish Gupta
UCpmD3iT-8TQzRuygIiS9bAw,http://www.youtube.com/channel/UCpmD3iT-8TQzRuygIiS9bAw,Conor Maynard
UCqBiwZuVP0NzSu4QR91v4jQ,http://www.youtube.com/channel/UCqBiwZuVP0NzSu4QR91v4jQ,Mechanical Engineering
UCqMCUY4OoVV9WnESc2aZ1Xg,http://www.youtube.com/channel/UCqMCUY4OoVV9WnESc2aZ1Xg,D107
UCqVEHtQoXHmUCfJ-9smpTSg,http://www.youtube.com/channel/UCqVEHtQoXHmUCfJ-9smpTSg,Answer in Progress
UCqW8jxh4tH1Z1sWPbkGWL4g,http://www.youtube.com/channel/UCqW8jxh4tH1Z1sWPbkGWL4g,Akshat Shrivastava
UCqZQJ4600a9wIfMPbYc60OQ,http://www.youtube.com/channel/UCqZQJ4600a9wIfMPbYc60OQ,Lesics
UCqmugCqELzhIMNYnsjScXXw,http://www.youtube.com/channel/UCqmugCqELzhIMNYnsjScXXw,Vsauce2
UCqtco3r7CJQ2n4Y9j4hTL9Q,http://www.youtube.com/channel/UCqtco3r7CJQ2n4Y9j4hTL9Q,Salil Jamdar & Co.
UCqwUrj10mAEsqezcItqvwEw,http://www.youtube.com/channel/UCqwUrj10mAEsqezcItqvwEw,BB Ki Vines
UCrOWM4mBqWQ7ISCY0qK2DEg,http://www.youtube.com/channel/UCrOWM4mBqWQ7ISCY0qK2DEg,MJ5 Official
UCs5Y5_7XK8HLDX0SLNwkd3w,http://www.youtube.com/channel/UCs5Y5_7XK8HLDX0SLNwkd3w,Visual Studio Code
UCs6sf4iRhhE875T1QjG3wPQ,http://www.youtube.com/channel/UCs6sf4iRhhE875T1QjG3wPQ,CppNuts
UCsBjURrPoezykLs9EqgamOA,http://www.youtube.com/channel/UCsBjURrPoezykLs9EqgamOA,Fireship
UCsDTy8jvHcwMvSZf_JGi-FA,http://www.youtube.com/channel/UCsDTy8jvHcwMvSZf_JGi-FA,Abhi and Niyu
UCsPD-BOscDbbf4-djmt-D6A,http://www.youtube.com/channel/UCsPD-BOscDbbf4-djmt-D6A,Cosmology Today™
UCsT0YIqwnpJCM-mx7-gSA4Q,http://www.youtube.com/channel/UCsT0YIqwnpJCM-mx7-gSA4Q,TEDx Talks
UCsXVk37bltHxD1rDPwtNM8Q,http://www.youtube.com/channel/UCsXVk37bltHxD1rDPwtNM8Q,Kurzgesagt – In a Nutshell
UCsooa4yRKGN_zEE8iknghZA,http://www.youtube.com/channel/UCsooa4yRKGN_zEE8iknghZA,TED-Ed
UCt9pqgI-TwZ1vPCLYQYiXzQ,http://www.youtube.com/channel/UCt9pqgI-TwZ1vPCLYQYiXzQ,Anumita Nadesan
UCtUId5WFnN82GdDy7DgaQ7w,http://www.youtube.com/channel/UCtUId5WFnN82GdDy7DgaQ7w,Better Ideas
UCtY8JjMQpzYb5FFvUr2JnUw,http://www.youtube.com/channel/UCtY8JjMQpzYb5FFvUr2JnUw,The Data Incubator
UCtYLUTtgS3k1Fg4y5tAhLbw,http://www.youtube.com/channel/UCtYLUTtgS3k1Fg4y5tAhLbw,StatQuest with Josh Starmer
UCtnItzU7q_bA1eoEBjqcVrw,http://www.youtube.com/channel/UCtnItzU7q_bA1eoEBjqcVrw,Shankar Nath
UCtw7q4SyOeoCwM1i_3x8lDg,http://www.youtube.com/channel/UCtw7q4SyOeoCwM1i_3x8lDg,Comedy Central Stand-Up
UCtxkCXCD8bWpE8Ea_l4tV2A,http://www.youtube.com/channel/UCtxkCXCD8bWpE8Ea_l4tV2A,Google+
UCuBb7BEkWf2IlUq2R7tCa6A,http://www.youtube.com/channel/UCuBb7BEkWf2IlUq2R7tCa6A,Ashwini Chandrasekaran
UCustbySVJGb659WDpdkeATg,http://www.youtube.com/channel/UCustbySVJGb659WDpdkeATg,newslaundry
UCveFkLdSOUsGwMJEgedO9dQ,http://www.youtube.com/channel/UCveFkLdSOUsGwMJEgedO9dQ,Lewis Capaldi
UCvjgXvBlbQiydffZU7m1_aw,http://www.youtube.com/channel/UCvjgXvBlbQiydffZU7m1_aw,The Coding Train
UCvpfclapgcuJo0M_x65pfRw,http://www.youtube.com/channel/UCvpfclapgcuJo0M_x65pfRw,Beebom
UCw5TLrz3qADabwezTEcOmgQ,http://www.youtube.com/channel/UCw5TLrz3qADabwezTEcOmgQ,Groww
UCwAdQUuPT6laN-AQR17fe1g,http://www.youtube.com/channel/UCwAdQUuPT6laN-AQR17fe1g,pranjal kamra
UCwAnu01qlnVg1Ai2AbtTMaA,http://www.youtube.com/channel/UCwAnu01qlnVg1Ai2AbtTMaA,Jeff Su
UCwBhBDsqiQflTMLy2epbQVw,http://www.youtube.com/channel/UCwBhBDsqiQflTMLy2epbQVw,Emergent Garden
UCwJfDTNqtM5n-dQBfuuHzYw,http://www.youtube.com/channel/UCwJfDTNqtM5n-dQBfuuHzYw,Men's Health
UCwTRjvjVge51X-ILJ4i22ew,http://www.youtube.com/channel/UCwTRjvjVge51X-ILJ4i22ew,Sing King
UCwVEhEzsjLym_u1he4XWFkg,http://www.youtube.com/channel/UCwVEhEzsjLym_u1he4XWFkg,Finance With Sharan
UCwmZiChSryoWQCZMIQezgTg,http://www.youtube.com/channel/UCwmZiChSryoWQCZMIQezgTg,BBC Earth
UCwzcP1NCj6dEY7G7YSXlgwQ,http://www.youtube.com/channel/UCwzcP1NCj6dEY7G7YSXlgwQ,Reece Batts
UCxAztXg3Ty8mjNC_Mc9IhFA,http://www.youtube.com/channel/UCxAztXg3Ty8mjNC_Mc9IhFA,Lehren Podcast
UCxJp9aEteKmOeobEsHXwxAw,http://www.youtube.com/channel/UCxJp9aEteKmOeobEsHXwxAw,Computer Science and Engineering
UCxladMszXan-jfgzyeIMyvw,http://www.youtube.com/channel/UCxladMszXan-jfgzyeIMyvw,Rob Mulla
UCylqgu2ojsCxojFpQogowOA,http://www.youtube.com/channel/UCylqgu2ojsCxojFpQogowOA,Ellie Sleightholm
UCz1Va9AKh3WRo_4V8FbgNyg,http://www.youtube.com/channel/UCz1Va9AKh3WRo_4V8FbgNyg,General
UCz22l7kbce-uFJAoaZqxD1A,http://www.youtube.com/channel/UCz22l7kbce-uFJAoaZqxD1A,Gaur Gopal Das
UCz4a7agVFr1TxU-mpAP8hkw,http://www.youtube.com/channel/UCz4a7agVFr1TxU-mpAP8hkw,Mohak Mangal
UCz5tzW6Wk05ywJK6wS4Qt-A,http://www.youtube.com/channel/UCz5tzW6Wk05ywJK6wS4Qt-A,Ashish Vidyarthi Actor Vlogs
UCzGbe7WmkQPW3gcbhN0G2gw,http://www.youtube.com/channel/UCzGbe7WmkQPW3gcbhN0G2gw,Kommune India
UCzL_0nIe8B4-7ShhVPfJkgw,http://www.youtube.com/channel/UCzL_0nIe8B4-7ShhVPfJkgw,Data Science Dojo
UCzNAswnSN0rZy79clU-DRPg,http://www.youtube.com/channel/UCzNAswnSN0rZy79clU-DRPg,kipkay
UCzS3-65Y91JhOxFiM7j6grg,http://www.youtube.com/channel/UCzS3-65Y91JhOxFiM7j6grg,Funny Or Die
UCzUYuC_9XdUUdrnyLii8WYg,http://www.youtube.com/channel/UCzUYuC_9XdUUdrnyLii8WYg,All India Bakchod
UCzwCEE_PchiBULMnAJqhGVg,http://www.youtube.com/channel/UCzwCEE_PchiBULMnAJqhGVg,Raj Shamani
UCzywp4-atthpp2FEKnhivYQ,http://www.youtube.com/channel/UCzywp4-atthpp2FEKnhivYQ,His Holiness Radhanath Swami





